Start,End,Sequence,Length,Color
17[112],15[111],CAAAGCGGGGGTAAAATACGTAATAAGGAACA,32,#1700de
2[61],4[64],TTAATTTAATTCTGTCCAGACGTGCCAGTT,30,#cc0000
12[286],14[288],GAACGCCAGCCCCAAAAACAGGAAATAGTAG,31,#f7931e
17[304],15[303],GCTGTAGCATAACAGTTGATTCCCTTAGATAC,32,#b8056c
4[158],6[159],AATCAAGGCGCGAACTGATAGCCTGTTGTTCC,32,#f7931e
7[80],6[62],AGCTATCTAGTAATAAAAGGGACATTCTGGCATT,34,#b8056c
2[223],4[224],GAAGGAGCCCAAGAACGGGTATTAGGCTTATC,32,#57bb00
14[95],16[96],CTGAGTAAGCGGAGTGAGAATAGAGCCACTAC,32,#cc0000
0[191],2[191],ATAACTATAATTATTCATTTCAATTCCTGATTA,33,#f74308
6[286],8[288],GAGTTGCATCGGCCAACGCGCGGCCAGCTGC,31,#b8056c
5[208],3[207],AGAAGATATAAGAACGCGAGGCGTGTCTTTCC,32,#b8056c
2[126],4[127],GGTTAGAAACAATAGATAAGTCCCACCCAGCT,32,#b8056c
2[338],1[338],AGAAGTATTAGTGCTTCTGTAA,22,#cc0000
10[61],12[64],AGCGTTACCACCCTCAGAGCCGTTTAGTAC,30,#007200
10[254],12[255],CATCGTAGTACTGGTAATAAGTTCGTATAAAC,32,#333333
8[338],7[338],CGTTGCGCTCAGGTTTTTCTTT,22,#007200
8[159],10[159],CATTAAAGCCAAGCTTGCATGCCTCTTCTGGTG,33,#1700de
15[21],13[20],GTCTAGTTAGCGTAACGATTTTTCAGGGATAG,32,#1700de
17[176],15[175],TCGAGCTTGGTAGCAACGGCTACATCCAAAAG,32,#7300de
18[126],19[144],CATAAATAAAGCTGCTCATTCAGTGAATAAGG,32,#1700de
10[47],8[48],TTTCATAATCATCGGCATTTTCGGCAATGAAA,32,#cc0000
4[31],6[32],CCAAATAAAATAGCAGCCTTTACACCCTGAAC,32,#aaaa00
5[80],3[79],GAACCCTTTTTCCAGAGCCTAATTACGACAAT,32,#7300de
0[254],2[255],GAATTTAAATTACATTTAACAATTTGAGTAAC,32,#888888
8[287],10[288],ATTAATGACGGAAGCATAAAGTGTATTGACCG,32,#f74308
16[47],14[48],TCATCTTTAATGAATTTTCTGTATCAACGCCT,32,#b8056c
8[47],6[48],CCATCGATTAAGCCCAATAATAAGGAGAATTA,32,#333333
6[254],8[255],CCAGCAGGTGGCAACATATAAAATTGTCACAA,32,#888888
19[145],17[143],CTTGCCCATAGCGTCCAATACTGTAAGAGGA,31,#1700de
12[47],10[48],GCCACCCTCGCCACCCTCAGAGCCTGCCATCT,32,#03b6a2
7[272],5[272],AAGACACCAGCAAGCGGTCCACGCGCTGAGAGC,33,#333333
6[190],8[191],GAATAGCCTGGCATGATTAAGACCCGATTGAG,32,#333333
13[145],11[144],AGGGTAGTCAGTACCAGGCGGATGGCCTTGAT,32,#7300de
4[338],3[338],TCTGGTCAGTTTTTGAGGATTT,22,#333333
17[144],15[143],AGCCCGAAAAGACTTTTTCATGAGTTTTTCAC,32,#03b6a2
3[80],2[62],AAACAACACAGAAATAAAGAAATTGCGTAAGGGC,34,#f7931e
6[47],4[48],ACTGAACAGAGAGAATAACATAAAAACAGCCA,32,#b8056c
1[321],3[319],ATAACCTACTTTACAAACAATTCGTCAATAG,31,#aaaa00
19[304],17[303],AACGGAACAACTAATGCAGATACAAATATAAT,32,#cc0000
9[113],7[111],GGTTTTCTGGGAATTAGAGCCAGAAGAAAAG,31,#57bb00
15[273],13[271],CCCACGCACATCCAATAAATCATGGTTGATA,31,#333333
15[209],13[208],TTCGAGGATAAAGCTAAATCGGTTGGAGCAAA,32,#57bb00
19[272],17[272],GGGAAGAATACGAGGCATAGTAAGATTTTTGCG,33,#333333
5[273],3[271],CAGCAGCTCGTAGGAATCATTACGCCGTTTT,31,#7300de
6[158],8[160],AGTTTGGGAAACGCAATAATAACAAATTATT,31,#007200
3[176],1[176],GTAGAAACATGGCAATTCATCAATAAATCGCGC,33,#1700de
12[31],14[32],CCACCCTCGCCCAATAGGAACCCACCACAGAC,32,#57bb00
12[126],14[127],CGAGAGGTCTAGCTGATAAATTATAAAAATTT,32,#cc0000
19[208],17[208],TTTAATCAATAGCGAGAGGCTTTTGGAAGCAAA,33,#cc0000
13[112],11[111],TCAACCGTGTTGATATAAGTATAGATTGACAG,32,#03b6a2
11[112],9[112],GAGGTTGAGCAACTGTTGGGAAGGTAACGCCAG,33,#1700de
13[176],11[175],CTATCAGGCAAGAGAAGGATTAGGTTAAAGCC,32,#b8056c
10[95],12[96],TGCGGGCCCAGAGCCGCCGCCAGCCCCGGAAT,32,#888888
18[222],19[239],AACCAAATTGTGAATTACCTTATGCGATTTT,31,#f7931e
9[304],7[303],GGGTGCCTCGGGAAACCTGTCGTGGGAGAGGC,32,#1700de
7[321],9[320],CCAGGGTCTGCCCGCTTTCCAGTAATGAGTGA,32,#007200
6[31],8[32],AAAGTCAGCCCACAAGAATTGAGTAGCAGCAC,32,#f7931e
16[191],18[192],GGAACGAGCAAAGCGAACCAGACCGCAAAAGA,32,#7300de
15[321],17[319],TAACCTGGGAAGTTTCATTCCATTCAACATG,31,#007200
9[21],7[20],GTCGTAGCGACAGAATCAAAATATCAGAGAGA,32,#b8056c
15[80],14[63],CAGTTTCATGTGTAGGTAAAGATTCAAAAAGTA,33,#888888
11[176],9[175],AGAATGGACAGCTTTCCGGCACCGGCAGGTCG,32,#7300de
8[126],10[127],AGCCATTCCAGTCACGACGTTGTTCGCCATTC,32,#b8056c
2[159],4[159],GATTGTTTTATCCCATCCTAATTTGAAGCCTTA,33,#888888
13[209],11[207],CAAGAGAAAACATGAAAGTATTATTTACCGT,31,#1700de
8[190],10[191],GGAGGGAGGATCCCCGGGTACCGAAGATCGCA,32,#7300de
18[319],19[338],CCACATTCAACATTATTACAGGTAGAAAGATTCAT,35,#7300de
15[144],13[144],GTTGAAAATATTTCAACGCAAGGAATGCCGGAG,33,#f74308
12[158],14[159],GTTTTGCCTATTTTTGAGAGATCTTGCGGGAG,32,#1700de
6[222],8[224],CCGAAATTGTTAGCAAACGTAGAACCAGCGC,31,#03b6a2
7[240],5[240],ACATAAAGGCGAAAATCCTGTTTGGTCAGTATT,33,#f7931e
14[222],16[224],TCAGAGCTGAATTTCTTAAACAGTTTTGCGG,31,#1700de
16[31],18[30],GCGATTATGTATCATCGCCTGATAGACGGTCAAT,34,#f7931e
1[208],0[192],CAAAAGAAAACCTCCGGCTTAGGTTGGGTTAT,32,#333333
8[31],10[32],CGTAATCAAGACTGTAGCGCGTTTTCAAAATC,32,#333333
16[338],15[338],GTACGGTGTCTTTTAGCTATAT,22,#cc0000
6[61],8[63],AGACGGAGCAAGAAACAATGAAAGGCCGGAA,31,#007200
8[95],10[96],CCAGTAGCAGGCGATTAAGTTGGGGCGATCGG,32,#333333
7[304],5[303],GGTTTGCGTGCCCTTCACCGCCTGGCATCACC,32,#b8056c
0[338],1[320],ATCGTCGCTATTAATTAATTTTCCCTTTGTGAGTGA,36,#333333
1[305],0[287],CAATATAAGAATCCTTGAAAACATAGCGATAG,32,#888888
10[338],9[338],GCGAGTAACAACACATTAATTG,22,#7300de
14[190],16[192],AACATTAAATTGTATCGGTTTATACAGCATC,31,#7300de
13[80],11[79],CGGAGACACACCGTACTCAGGAGGCCACCAGA,32,#f7931e
7[112],5[111],TAAGCAGACAACGTCAAAGGGCGAAGAATACG,32,#007200
5[304],3[303],TTGCTGAAAAAGGAATTGAGGAAGCTAATAGA,32,#aaaa00
18[286],19[303],AAGGAATAAATCTACGTTAATAAAACGAACT,31,#03b6a2
16[126],18[127],ATTAAACATTGCATCAAAAAGATCGGAATCGT,32,#57bb00
14[158],16[159],AAGCCTTTCTCCAAAAAAAAGGCGAGGCTTTG,32,#cc0000
12[338],11[338],GTTAAAATTCGATTAAATGTGA,22,#f74308
14[47],12[48],GTAGCATTTGTACCGTAACACTGATCAGAACC,32,#1700de
12[95],14[96],AGGTGTATGTCAAATCACCATCAATGCAATGC,32,#f7931e
1[272],0[255],AATTACCTTAAGACGCTGAGAAGAGTCAATAGT,33,#b8056c
1[177],0[160],AGAGGCGATGTAAATGCTGATGCAAATCCAA,31,#7300de
5[176],3[175],TCGCCATTACTTGCGGGAGGTTTTACGAGCAT,32,#333333
3[241],1[240],CCGCACTTTTTGCGGAACAAAGATCAAGAAAA,32,#aaaa00
5[144],3[143],TCTTTAATATTAGTTGCTATTTTGTGAACAAG,32,#7300de
10[222],12[224],ACGACGAGCGTCATACATGGCTTGGAACCTA,31,#aaaa00
18[29],19[50],CATAAGGATGAACGGTGTACAGACCAGGCGCAT,33,#03b6a2
14[62],16[63],CAAACTAGGGATTTTGCTAAACAAGGCAAAAG,32,#b8056c
11[304],9[303],TTCCTGTATGGGAACAAACGGCGGAAAGCCTG,32,#b8056c
16[158],18[159],AGGACTAAGACTTCAAATATCGCAAAATGTTT,32,#cc0000
19[80],18[62],TTGACAAGGTTCAGAAAACGAGAATGACCCATGT,34,#cc0000
3[320],5[320],ATAATACAGGCAAATCAACAGTTGCCTCAAATA,33,#1700de
6[126],8[127],TGGACTCTAGCCGAACAAAGTTAACCGACTTG,32,#57bb00
3[208],1[207],TTATCATTGGAATTATCATCATATTACCTGAG,32,#57bb00
16[287],18[287],GAACGAGTTAGAGCTTAATTGCTGTAACGCCAA,33,#03b6a2
3[304],1[304],TTAGAGCCGACAACTCGTATTAAATACATAAAT,33,#007200
9[241],7[239],AAATTGTAAAATTCATATGGTTTAAATACAT,31,#cc0000
11[208],9[207],TCCAGTAACAGTATCGGCCTCAGGAGCTCGAA,32,#aaaa00
12[63],13[79],CGCCACCCGTTTCGTCACCGGGTGAGAAAGGC,32,#1700de
19[51],16[48],AGGCTGCCGGAACGAGGCGCAAATTGTGTCGAAATCCTAAAACAC,45,#333333
2[47],0[40],CCATATTTACCAGTATAAAGCCAAGGCGTTAAATAAGAAT,40,#f7931e
11[80],10[62],ACCACCACTCTTCGCTATTACGCCAGCTGTTATT,34,#aaaa00
18[254],19[271],ATCATAAGCTCATTATACCAGTCAGGACGTT,31,#888888
14[31],16[32],AGCCCTCATTTCCAGACGTTAGTAGACCCCCA,32,#03b6a2
10[31],12[32],ACCGGAACCCGCCACCCTCAGAACCAGAACCG,32,#aaaa00
9[80],7[79],GTGCTGCAACCATTACCATTAGCAATAGCAAT,32,#7300de
0[286],2[287],CTTAGATTTTTTAATGGAAACAGTCCTTTGCC,32,#f74308
0[126],2[127],AATATATGGAGAAACAATAACGGTAATGGAAG,32,#f74308
12[254],14[255],AGTTAATCAATCATATGTACCCCACAGGCAAG,32,#1700de
16[95],18[95],GAAGGCACTACCCTGACTATTATATCAAATGCT,33,#007200
2[95],4[96],ACGTAAAATGTTCAGCTAATGCAGAACGCTAA,32,#7300de
2[286],4[287],CGAACGTTTAGGAGCACTAACAAGTTATCTAA,32,#1700de
4[63],5[79],ACAAAATAAACAGGGAAGCGCCAACAGAGATA,32,#1700de
15[112],13[111],ACTAAAGGCCTCATATATTTTAAATATGATAT,32,#f7931e
14[126],16[127],TTAGAACAATTGCGAATAATAATGAAGTTTCC,32,#57bb00
16[62],17[79],AATACACGCGACCTGCTCATAAATCAAAAAT,31,#aaaa00
4[190],6[191],CCTCCCGAAAAATACCGAACGAAAAATCAAAA,32,#007200
9[272],7[271],ATACGAGCACGGAATAAGTTTATTGAAACGCA,32,#007200
17[80],15[79],CAGGTCTTCAACCTAAAACGAAAGACTTTCAA,32,#b8056c
18[94],19[112],TTAAACAAACCGGATATTCATTACCCAAATCA,32,#1700de
14[287],16[288],TAGCATTAAGATTTAGTTTGACCAAATTCTGC,32,#aaaa00
5[321],7[320],TCAAACCACGGGCAACAGCTGATTATTGGGCG,32,#888888
0[222],2[224],CCTTTTTGATGATGAAACAAACAAACCACCA,31,#57bb00
10[287],12[287],TAATGGGAATCAAAAATAATTCGCAACCAATAG,33,#888888
7[21],5[20],TAAAGGGTAATTGAGCGCTTAACGTCAAAAAT,32,#1700de
9[176],7[175],ACTCTAGAAGGTAAATATTGACGGGGAATACC,32,#b8056c
0[39],2[32],AAACACCGGAATCATACGTTATACAAATTCTTAACAACGC,40,#cc0000
7[208],5[207],ACGCAGTACGGCAAAATCCCTTATCCACCAGC,32,#57bb00
3[21],1[11],AATAATTTAGGCAGAGGCATGTT,23,#aaaa00
16[223],18[223],GATCGTCAAGGTCAGGATTAGAGAGACGATAAA,33,#f74308
14[254],16[255],GCAAAGAGCGCCGACAATGACAAGTCGCTGAG,32,#007200
4[95],6[96],CGAGCGTCCTGACCTGAAAGCGTAAAAACCGT,32,#57bb00
0[159],2[160],TCGCAAGATGAATACCAAGTTACAATAATCCT,32,#cc0000
1[113],0[95],TACATCGTTTAGTTAATTTCATCTTCTGACCT,32,#57bb00
13[21],11[20],CAAAGAGCCACCACCCTCAACCGCCTCCCTCA,32,#888888
4[47],2[48],TATTATTTCCGACAAAAGGTAAAGGAGAATCG,32,#aaaa00
11[241],9[240],CAGGAGTACCGTGCATCTGCCAGTCCTGTGTG,32,#cc0000
7[144],5[143],AAACCGAGAACAAGAGTCCACTATGCTATTAG,32,#f7931e
9[208],7[207],TTCGTAATAAAGGGCGACATTCAATCCTTATT,32,#03b6a2
15[240],13[240],CGATAGTTATTAGCAAAATTAAGCCGTAAAACT,33,#007200
18[191],19[207],AGTTTTGCGGCTTGAGATGGTTTAATTTCAAC,32,#aaaa00
4[286],6[287],AATATCTAAATGAAAAATCTAAAGCCCTGAGA,32,#f74308
2[190],4[191],TCAGATGCAATCAATAATCGGCTTTTAGCGAA,32,#aaaa00
2[254],4[256],ATTATCACATCGAGAACAAGCAACGCGCCCA,31,#007200
2[31],4[32],CAACATGTAAGAGAATATAAAGTAATCCCAAT,32,#888888
10[190],12[191],CTCCAGCAAGCGCAGTCTCTGAAAGAGGCTGA,32,#007200
9[144],7[143],GGCCAGTGGTGAATTATCACCGTCCCAGAAGG,32,#f7931e
1[145],0[127],ATTGCTTCAAAGAACGCGAGAAAACTTTTTCA,32,#aaaa00
19[8],17[19],ACTTTGAAAGAGGACAGGAACCGAACTGACCAAGTACAACGGAG,44,#f74308
5[21],3[20],GAAGAAACGATTTTTTGTTTTTTCGAGCCAGT,32,#57bb00
1[80],0[64],AACGTCAGATGGTTTGAAATACCGACCGTGTG,32,#f7931e
8[62],9[79],ACGTCACTCATAGCCCCCGCGAAAGGGGGAT,31,#f74308
11[272],9[271],GTCAGTGCTAGGTCACGTTGGTGTCACACAAC,32,#888888
11[21],9[20],GAGCAGAGCCACCACCGGAGTTTGCCTTTAGC,32,#7300de
3[112],1[112],TGTTTATCACCTACCATATCAAAAAGTACCTTT,33,#7300de
13[321],15[320],TGTAAACGCGCGAGCTGAAAAGGAATGGTCAA,32,#03b6a2
12[223],14[223],TTATTCTGATCGATGAACGGTAATAATAAAGCC,33,#f7931e
8[254],10[255],TCAATAGTATCCGCTCACAATTCAGATGGGCG,32,#aaaa00
10[126],12[127],AGGCTGCGGCAGGTCAGACGATTAAGTGCCGT,32,#57bb00
17[273],15[272],GATGGCTATAACCGATATATTCGCAACCATCG,32,#b8056c
17[209],15[208],CTCCAACCCCTCAGCAGCGAAAGCAGCTTGCT,32,#7300de
18[338],17[338],CAGTTGAGATTATGCAACTAAA,22,#f7931e
0[63],1[79],ATAAATAACGCTCAACAGTGATTTTCAGGTTT,32,#f7931e
15[176],13[175],GAGCCTTTTGACCCTGTAATACTTTACAAAGG,32,#1700de
18[61],19[79],TACTTAGGCTGACCTTCATCAAGAGTAATC,30,#aaaa00
17[241],15[239],ATTGCTCGGGAGTTAAAGGCCGCCTTGATAC,31,#b8056c
12[190],14[191],GACTCCTTCATTGCCTGAGAGTCTGTACCAAA,32,#333333
1[12],0[8],TAGTATCATATGATTACTAGAAAAAGCC,28,#aaaa00
7[176],5[175],CAAAAGAACCGAGATAGGGTTGAGCTAAAACA,32,#b8056c
8[223],10[223],CAAAGACACATGGTCATAGCTGTTTTTGAGGGG,33,#57bb00
5[112],3[111],TGGCACAGTATCCTGAATCTTACCAACGCGCC,32,#333333
13[241],11[240],AGCATGTGCCCCCTGCCTATTTCTTGATGATA,32,#f7931e
17[320],18[320],TTTTAAATTAGGAATA,16,#03b6a2
9[321],11[320],GCTAACTCCCGTCGGATTCTCCGGCCAGCTTT,32,#57bb00
1[241],0[223],CAAAATTTCAAAATCATAGGTCTGAGAGACTA,32,#7300de
19[176],17[175],GTAAATTGCAGAGGGGGTAATAGTGTTTTAAT,32,#f74308
15[304],13[303],ATTTCGCATGGCATCAATTCTACTAGATTGTA,32,#b8056c
13[304],11[303],TAAGCAAAAATCAGCTCATTTTTTGTCTGGCC,32,#cc0000
11[321],13[320],CATCAACCATTAAATTTTTGTTATATTTAAAT,32,#1700de
6[95],8[96],CTATCACCTACCGAAGCCCTTTTTCAAAATCA,32,#b8056c
10[158],12[159],CCGGAAAAACAAATAAATCCTCAATTAGCGGG,32,#03b6a2
11[145],9[143],ATTCACACCAGGCAAAGCGCCATAAAACGAC,31,#1700de
19[113],17[111],ACGTAACATTCATTGAATCCCCCGTCAGAAG,31,#007200
3[272],1[271],TATTTTCATATTAATTTTAAAAGTTTCATTTG,32,#f7931e
4[126],6[127],ACAATTTACAATATTTTTGAATGTAAAGAACG,32,#f7931e
14[338],13[338],TTTCATTTGGGGTTAATATTTT,22,#1700de
0[94],2[96],AAATTTAATGAATATACAGTAACTTATTTGC,31,#7300de
13[272],11[271],ATCAGAAACTTGAGTAACAGTGCCTTAACGGG,32,#f7931e
17[20],15[20],ATTTACCAAGCGCGAAACAACTAAAGTTTTGTC,33,#b8056c
4[223],6[223],CGGTATTCAAACAGAGGTGAGGCGATGGTGGTT,33,#57bb00
18[158],19[175],AGACTGGTGACGAGAAACACCAGAACGAGTA,31,#f74308
4[255],6[255],ATAGCAAGCCTGCAACAGTGCCACTGGTTTGCC,33,#007200
6[338],5[338],TCACCAGTGAGCTCAATCAATA,22,#f7931e
16[254],18[255],GCTTGCACTTTTGATAAGAGGTCAGCAACACT,32,#57bb00
3[144],1[144],AAAAATAAGGATTATACTTCTGAAATTCGCCTG,33,#03b6a2
5[241],3[240],AACACCGCAAATCAGATATAGAAAACCAAGTA,32,#57bb00
19[240],17[240],AAGAACTGCCCTCGTTTACCAGACGTACCTTTA,33,#007200
